# Nandani Kathiriya, Laiba Khalid
# KathiriyaKhalid
# ML-CUP25 v1
1,-3.638280,-0.976168,7.388136,-6.625103
2,-4.721640,0.069625,-27.242976,25.535127
3,-3.678519,2.776345,-6.961483,10.313101
4,-5.025537,-11.096425,-18.201885,18.232651
5,7.084553,-18.355870,-18.644068,33.572647
6,1.313605,-0.753887,8.320952,-6.187380
7,5.025781,4.621074,-22.726448,34.340563
8,-0.109056,-1.224929,9.055772,-8.123850
9,8.297689,0.099922,28.082456,-13.300105
10,-2.602525,-4.950790,3.897496,-6.740344
11,-10.212885,13.275272,9.192088,-27.746579
12,-0.011317,-3.424627,23.043125,-14.913894
13,0.792033,-7.597231,19.308502,-9.115905
14,5.903459,3.785864,9.133123,-3.193445
15,0.818809,-6.564610,-5.988893,10.316231
16,-8.191089,-1.501754,19.911748,-15.627141
17,-20.537073,5.284263,-26.636023,14.426326
18,2.941340,6.520274,10.712795,-6.436312
19,9.049042,5.237695,-14.256218,14.400525
20,-10.035071,-2.240128,18.208804,-14.509761
21,13.558780,12.823609,-27.312202,23.435375
22,-2.549821,-2.127042,6.471717,-6.882785
23,7.908799,6.212523,20.494818,-10.651719
24,-8.166794,1.563621,-26.315926,11.287641
25,-18.210128,-1.307085,23.753769,-19.539064
26,2.491033,-7.697447,-24.235060,31.694993
27,12.294841,8.339912,21.240092,-10.863255
28,-4.189584,-1.938162,3.518991,-8.489508
29,-6.357301,5.896844,17.916080,-19.616242
30,-25.046397,6.014304,-31.330373,21.784864
31,-9.546345,-10.314489,26.800402,-10.771119
32,12.269684,-7.591717,-30.174745,24.564767
33,-5.589170,0.452332,-9.010923,9.661923
34,-3.690090,6.388352,-26.565676,25.940007
35,4.122675,-4.431127,-20.674787,39.766926
36,19.004784,3.888627,22.859196,-16.857034
37,3.505115,-3.198247,10.613936,-7.112515
38,8.822276,-28.356319,-23.264876,31.138938
39,10.446829,8.845246,-30.465248,19.445694
40,13.681267,9.356704,-22.591337,19.073262
41,-13.828931,-2.183843,-18.393963,29.524964
42,15.676975,5.725764,24.057556,-14.498242
43,13.903152,6.094653,22.611973,-18.530541
44,-13.894930,-8.077180,-19.156731,31.996759
45,13.026627,6.444208,-17.847901,21.050605
46,5.419578,12.903081,-31.700941,29.593617
47,8.510428,7.374436,19.851840,-10.872962
48,15.555501,11.330733,-26.759474,29.191141
49,-4.504648,10.700537,11.311497,-22.824271
50,-8.970998,-5.986634,-14.220023,21.354504
51,1.880456,-18.368422,-16.065055,34.769466
52,-27.504181,-3.517859,-32.481375,28.092035
53,-5.471953,-23.131825,37.927247,-7.322575
54,-6.742310,15.299597,-38.340098,13.100698
55,-0.848848,-7.656808,11.122242,-8.938613
56,-2.753738,1.177211,-30.342121,17.291334
57,17.436274,5.610039,-25.497856,32.585268
58,6.544204,4.029311,24.686644,-11.625138
59,5.341089,-29.552761,-19.764424,32.657170
60,-7.138059,11.777371,-37.018202,12.023056
61,-18.640924,10.005707,-24.708592,11.923891
62,-10.145443,6.687373,14.150939,-21.080413
63,20.040245,3.937525,22.465580,-21.100759
64,2.746623,4.036008,23.235793,-19.286070
65,-13.753283,-1.101872,19.230777,-17.050485
66,-0.290204,11.980329,21.048865,-21.602143
67,-20.277899,0.744250,-25.997784,26.350560
68,15.734102,5.777355,22.992590,-16.671777
69,-19.247985,6.231519,-25.343956,19.419282
70,-6.620044,10.764704,11.624737,-23.159895
71,-9.848506,-3.694794,19.585162,-12.125838
72,-2.766047,-2.064434,3.535635,-5.851457
73,-1.246305,-6.302357,-7.467310,18.153952
74,18.902558,4.578000,24.853460,-23.102717
75,19.365056,14.058773,-25.492049,29.372875
76,4.009824,4.222969,-8.423693,9.007928
77,1.335883,4.816057,23.046320,-11.259170
78,-1.124579,-7.651045,-11.128272,26.665524
79,-1.934509,-7.261045,-8.684236,21.877282
80,4.698181,14.016710,22.417043,-18.310328
81,20.076038,2.769950,21.517890,-18.190940
82,2.140791,-7.057911,-28.976040,23.124000
83,-6.771894,-12.940476,28.500725,-5.769733
84,-11.244996,-1.959059,-16.040680,27.437202
85,7.113928,11.600243,17.759589,-9.928393
86,0.757983,-3.563242,13.254545,-10.649281
87,-2.948734,-8.558571,-9.701118,20.980001
88,7.030743,15.078197,-23.044590,34.443284
89,8.229072,7.584123,13.977203,-7.236689
90,-23.739051,0.758895,-29.778237,24.258805
91,11.035403,-7.302017,19.347725,-19.862299
92,-3.934507,-3.662387,-7.975146,20.111884
93,-6.578812,-1.547195,15.091527,-11.549202
94,-16.805162,-4.240822,-24.457492,21.134555
95,-5.944681,10.357924,17.388294,-13.871587
96,-3.633531,-3.694963,5.912872,-8.858936
97,-6.934648,-5.124528,13.545485,-6.513031
98,4.700638,2.514771,7.048284,-2.672208
99,-0.897767,-0.621634,5.864564,2.215818
100,11.440467,-7.135106,33.052064,-13.517003
101,-5.661214,-3.699898,4.768362,-8.125116
102,7.037366,0.828817,-15.934285,12.329980
103,5.502813,5.042170,-10.661527,8.022198
104,5.637957,2.189783,8.740932,-3.218192
105,2.639357,-11.003221,31.572610,-12.169510
106,12.037672,5.039671,-19.304488,28.739166
107,14.458119,5.630833,-21.792966,26.000856
108,12.520956,4.888855,-17.782189,23.514867
109,16.120846,-1.292785,-26.582058,16.759029
110,16.163061,11.766377,-22.997556,24.623529
111,4.652516,-4.590603,-14.589006,12.658753
112,16.169842,6.670652,-23.292272,18.302991
113,-22.634414,-5.490633,-27.680145,32.188193
114,17.974098,2.288195,-24.664280,27.790990
115,17.816488,3.336746,23.512250,-17.793085
116,4.018773,2.081416,15.938446,-7.419751
117,-2.304465,-13.445044,-8.273744,21.983314
118,-18.144319,-10.812225,-25.049275,36.626020
119,3.064274,-7.466055,-26.565569,30.966806
120,-2.242693,19.798505,-38.373908,15.385764
121,6.032196,-28.236931,-20.778694,31.112709
122,10.684812,11.753560,-24.556315,23.878198
123,-1.242499,2.185581,6.789924,-6.790043
124,-9.177736,11.536949,15.215660,-23.530569
125,-10.687238,-13.778936,-18.510447,40.589442
126,-4.843581,1.873624,20.349039,-17.356834
127,6.524152,5.723307,-18.288979,13.562936
128,-23.858768,-0.621465,-29.082371,20.148618
129,-5.099101,1.433015,11.391209,-10.723916
130,1.466194,3.645221,24.260357,-17.693986
131,-1.029884,-1.831504,4.683834,-3.318791
132,-8.221335,15.053679,11.294391,-24.749247
133,-7.065561,-5.076520,13.330863,-10.663867
134,2.763676,10.355064,-15.781141,12.280311
135,-2.075984,-3.801958,2.324842,-7.343471
136,-4.858093,-2.155740,5.018941,-8.739678
137,4.642993,-2.696944,15.524183,-7.436060
138,-19.139940,4.841565,-24.775997,19.578283
139,-13.374789,6.152283,-18.473804,17.710336
140,12.196920,4.151629,-18.410252,19.067434
141,-3.764683,-13.713611,-13.977258,29.116934
142,-3.573279,-0.545339,-31.793165,18.275251
143,0.130822,-5.022945,8.114984,-8.923981
144,14.079626,7.124393,20.636575,-13.653633
145,-12.213098,11.218766,10.775819,-26.821057
146,-1.343107,1.944993,8.767383,-7.579723
147,2.631140,-21.631919,-15.342442,26.182184
148,8.215998,6.049974,-21.981676,16.001279
149,5.907449,9.771664,-17.037417,14.279478
150,2.726267,14.497627,-34.765104,17.065494
151,18.373681,13.476042,-24.183965,26.107509
152,12.017057,15.908088,-23.447500,32.013282
153,-14.192905,-0.079193,-20.383231,26.246926
154,1.239952,3.074882,-5.191756,-0.131242
155,8.606557,-21.056217,-23.990134,26.073917
156,-5.248855,9.055907,11.663040,-24.323681
157,-27.239061,-5.018746,-41.538321,15.276852
158,7.218828,5.780613,-14.246191,7.345725
159,-0.509161,-9.056537,-8.916273,15.374598
160,-7.797690,-19.129757,32.925499,-9.292485
161,-10.948100,-0.915555,18.984214,-12.715395
162,6.999423,12.306491,-12.452925,12.543314
163,1.096167,-1.012123,5.212018,-3.572758
164,-15.973628,-11.674232,-23.756060,30.726670
165,-8.050580,-4.596095,14.600210,-8.832658
166,-4.690224,-1.694127,20.328986,-18.231139
167,16.896874,3.178167,23.828666,-16.891817
168,5.754123,-30.350919,-20.686760,33.453432
169,16.312138,3.239622,18.970062,-14.336711
170,7.075601,12.557811,-16.015949,20.945044
171,19.149922,9.100746,-27.880637,29.241636
172,-0.940784,-4.725574,16.711551,-7.224347
173,-1.870499,-1.307092,-32.040248,18.897823
174,12.189513,6.071999,22.867353,-10.254044
175,-16.389258,-5.184802,-20.697334,27.344488
176,15.822217,2.841683,19.167916,-12.832573
177,9.739113,6.465529,-19.568829,20.019566
178,5.747819,12.525458,-10.781019,11.655206
179,-12.036554,-10.993136,-19.189766,33.295794
180,-6.167651,-0.491070,11.501365,-10.276046
181,-15.329680,-5.396566,-29.356489,13.917995
182,7.822466,-28.989408,-23.659265,31.101710
183,-1.538429,-2.395089,12.420970,-9.536581
184,14.163850,7.871425,19.935964,-12.742711
185,7.642922,2.728780,-28.244782,30.883937
186,17.406430,4.314057,22.239569,-14.391086
187,8.337802,4.280291,13.975617,-5.328559
188,-2.172093,-8.334807,-9.242570,22.653735
189,-1.934171,22.038138,-44.504421,16.167623
190,6.034609,12.379431,-28.891058,28.754751
191,-20.860237,-0.423412,-30.355759,10.052017
192,-12.632039,3.845231,13.881351,-19.246497
193,-13.450764,5.734325,15.177274,-24.567966
194,11.123732,6.303535,14.673790,-8.676104
195,7.324346,8.731075,16.170706,-8.476151
196,10.426609,9.379537,-17.165691,14.353022
197,-1.011170,-2.062688,4.178135,0.791470
198,2.355080,-6.346180,12.902404,-7.312433
199,-19.726670,1.781010,-26.102716,14.632686
200,1.340418,8.977125,16.528088,-8.976086
201,13.927132,5.646768,-22.280104,28.987330
202,-13.585274,-11.477830,28.262558,-16.813231
203,1.962987,-9.162532,-15.183154,10.717183
204,16.522979,5.189538,24.746199,-15.534710
205,-3.573969,16.871206,18.806456,-18.616984
206,-0.564972,-4.282476,3.047224,-4.876438
207,2.826531,6.994712,16.011686,-9.108857
208,-1.843709,2.278266,14.572434,-10.267221
209,0.275652,12.835547,18.495250,-12.538451
210,5.667473,1.166619,-13.334718,8.058154
211,16.981894,13.462066,-22.548592,28.334117
212,-26.406753,-5.918290,-34.061340,20.279051
213,4.770825,-11.386634,21.013879,-18.512976
214,-0.998836,-2.671470,-4.968624,10.822875
215,2.148942,-21.419873,-21.306612,38.226848
216,-0.003262,-11.674028,-14.557536,33.717894
217,15.593142,17.514844,-21.405262,22.978607
218,1.391174,1.697221,1.675676,0.703451
219,-2.795599,-4.797576,8.699845,-8.508731
220,18.655647,3.438237,25.189751,-16.620712
221,-8.038979,-7.299985,20.591238,-20.991994
222,22.468190,2.434374,24.199888,-22.266786
223,5.958541,-1.454741,27.327560,-17.047034
224,9.872901,2.048321,11.079619,-8.391320
225,9.234514,3.077037,-13.476025,13.513451
226,-12.894194,13.898174,-35.845462,6.981247
227,1.903823,-10.245601,-9.801724,17.912473
228,-6.181868,8.198603,15.645529,-17.328506
229,4.109117,11.498487,-30.562168,16.868328
230,11.886377,6.803233,-16.794323,16.296542
231,13.368869,8.851903,20.431089,-13.740761
232,3.870620,-32.438296,-16.283745,36.236411
233,18.012211,6.468978,-24.332453,27.154011
234,-8.230561,-8.419143,23.701568,-8.461981
235,4.306425,3.142118,-8.541512,7.831942
236,-3.553983,-2.173472,11.550337,-9.363584
237,6.844776,-9.397798,-20.491654,14.321590
238,-15.049788,-7.607007,-21.986069,34.758306
239,2.765715,-22.564714,-15.204559,27.267598
240,2.748615,1.782963,4.094956,-1.117729
241,1.122928,-5.907700,-0.234579,-4.252112
242,22.246240,1.629036,25.533161,-21.026703
243,4.192084,8.311517,-25.504985,25.702706
244,10.292217,9.614809,18.628260,-9.601498
245,-6.581003,-6.394723,15.265446,-8.812134
246,-11.783548,3.806392,14.051051,-24.721979
247,2.471827,-2.076588,12.006740,-5.773107
248,1.573460,-0.127846,-5.388719,-0.045753
249,13.479633,5.113010,-19.594139,15.054667
250,12.978083,7.536782,26.320541,-14.518977
251,-12.580152,9.108625,-33.211162,14.319632
252,19.247246,-7.643838,-32.617361,23.063479
253,-15.940636,-0.491780,-20.288245,26.697807
254,-22.828423,-7.106765,-27.389633,34.778431
255,11.115710,5.145975,-18.175010,22.699458
256,10.841842,7.960096,-23.651108,18.429623
257,-2.171226,4.052736,6.761206,-7.235472
258,8.951269,9.891724,-24.982401,33.890177
259,1.004855,13.764990,-30.152288,13.368274
260,-3.490798,4.228110,15.836145,-4.653691
261,8.945938,7.202059,15.324228,-6.987159
262,-2.172358,-4.676713,11.277286,-7.465142
263,-11.789377,-3.750699,-16.239233,26.202561
264,4.268971,7.254346,12.751951,-7.256900
265,9.607503,4.485845,14.320437,-6.843697
266,-5.740187,-12.272701,28.513943,-13.383317
267,-1.552811,15.950158,-36.471081,13.700886
268,10.920114,13.147955,-16.834161,16.183799
269,0.139726,20.602495,15.731495,-22.594223
270,8.334330,11.717694,-12.790481,15.874054
271,0.981787,-12.890691,22.556327,-17.566477
272,-9.814686,-3.676804,22.056551,-10.335722
273,4.596747,-1.992935,-18.116702,38.812451
274,-9.375686,1.065970,-13.800748,21.932971
275,-2.175647,-2.814830,8.755832,-7.669698
276,-13.094747,6.185358,-18.207306,16.756948
277,-1.028760,-3.980304,21.842620,-14.201910
278,-26.870282,6.181521,-33.228471,23.101631
279,-2.748414,-1.190308,-21.929147,18.537826
280,-7.539000,4.632961,-23.051609,17.006248
281,-5.157856,-17.611206,35.923360,-7.601890
282,9.765499,-8.712938,-24.117031,17.734672
283,-24.330073,-2.191724,-31.033187,19.201481
284,16.701976,4.725849,25.694266,-15.613697
285,0.398264,-1.685577,-1.370094,3.424831
286,7.790644,12.194499,-23.656082,16.755677
287,-4.340057,-7.253756,22.767963,-15.040980
288,14.505968,14.124255,-31.279166,25.386859
289,-6.715338,11.278351,-33.678169,14.027850
290,-20.574375,8.480578,-27.026230,18.493170
291,-2.258723,-14.066726,-15.165266,32.803358
292,-8.113893,15.836952,12.755631,-16.971075
293,-6.935070,-8.432009,17.967552,-5.602579
294,-30.837689,-4.076875,-36.887338,26.236073
295,-10.879788,-16.491176,33.080703,-13.286519
296,-1.892057,4.240005,-31.884966,16.840870
297,1.083035,-6.592674,22.072146,-13.553649
298,13.996963,3.558741,23.758565,-15.738589
299,-7.491738,-6.322861,22.542616,-8.074897
300,-0.918161,-3.350403,7.003680,-6.703811
301,13.604086,17.160191,-27.690797,25.937718
302,11.754856,-1.947321,-20.061036,26.900836
303,-9.393282,-2.863327,19.644033,-10.258273
304,7.395092,12.570031,-30.243132,18.126670
305,-3.892616,2.583176,7.015712,-8.814946
306,1.416739,-6.636887,-5.677639,7.818416
307,7.724585,-3.092510,16.531721,-10.511453
308,-7.913013,-2.788241,15.218074,-8.062560
309,-13.155027,-21.000997,-30.842063,24.315869
310,-11.193226,-3.842980,-14.452720,23.177998
311,8.258903,-27.502958,-25.264846,29.488186
312,6.546584,3.726195,10.335060,-3.852322
313,-10.288710,-3.053810,21.038795,-17.134364
314,-23.829789,4.933296,-49.213678,14.003975
315,-0.141698,-12.486330,-12.179473,18.529569
316,-1.222739,-1.805321,3.759482,0.816026
317,-8.758938,-6.917766,-13.700866,25.071367
318,-5.335559,14.412586,15.891875,-21.239138
319,11.783130,1.891695,-23.245107,18.190064
320,3.790717,-8.753421,17.066305,-11.239549
321,5.641835,12.912864,17.283956,-10.495780
322,5.845739,1.777072,7.166822,-5.132333
323,-8.589403,-7.993395,24.457322,-9.088399
324,-7.408560,-6.550384,-12.490195,24.558863
325,8.101376,9.526330,-12.791721,19.058299
326,0.660898,1.171853,5.154086,-3.253884
327,-20.384913,0.656031,-24.364913,25.825238
328,3.871262,-26.615764,-17.535260,30.951250
329,1.095715,0.001042,5.264604,-0.945679
330,-3.065091,8.240175,10.940999,-9.438683
331,-7.186461,8.007900,15.953650,-14.016143
332,-4.885438,1.509155,-7.183478,8.452411
333,11.646259,8.619703,22.694704,-12.857280
334,14.747426,6.716973,17.520875,-16.399202
335,-0.602789,-3.206570,2.943221,-0.088561
336,-12.555665,-2.216752,21.275375,-14.491122
337,3.235930,2.519244,-17.702849,13.640978
338,15.705699,7.381648,-21.245936,22.850224
339,0.012260,0.107240,5.093379,-1.005831
340,0.012519,-5.380135,21.448711,-10.647585
341,-11.073374,-0.852514,18.810967,-21.012987
342,-3.123652,-1.574260,3.347755,-6.053651
343,8.130553,5.737449,-12.362982,14.244326
344,-2.783602,-13.029295,-7.361907,23.499082
345,-4.348724,-15.395178,-15.225683,32.573048
346,-14.542800,-1.080358,-18.109771,22.691537
347,3.303366,5.417877,12.232625,-7.221604
348,12.030815,17.805942,-18.530111,26.426885
349,11.851923,8.899012,-17.561921,15.626617
350,-15.120423,11.528161,-33.800154,7.545249
351,8.474471,4.184104,-15.626828,9.384884
352,-15.336786,-8.002932,-22.045070,36.315448
353,5.688782,2.121968,8.631080,-3.944488
354,5.104617,-4.273981,16.919595,-11.671489
355,18.210623,4.130263,21.056867,-16.188946
356,14.269437,11.989916,-20.079635,23.234865
357,5.628029,8.706892,-23.666281,22.239033
358,12.721030,6.045707,25.150976,-13.622807
359,0.977741,-0.650450,14.591781,-9.121930
360,-5.216019,-7.593530,12.978661,-9.384181
361,2.924132,-35.483599,-14.543658,41.212463
362,-4.496876,1.700748,-12.510560,5.553669
363,-3.016543,-16.768469,-24.773943,31.688801
364,1.650864,-22.782220,-14.812058,26.599016
365,-19.482318,7.327070,-25.685837,20.301155
366,-3.172815,8.071864,19.506188,-4.923736
367,7.679052,-17.906514,-21.379114,37.520880
368,-6.327129,-6.765387,17.811903,-8.347377
369,-1.924611,8.706235,17.729002,-11.141910
370,2.640164,-2.408753,5.931224,-4.013768
371,-0.520429,-22.212055,-22.234662,30.182631
372,3.198574,6.698672,15.633579,-8.110889
373,-0.466092,-0.293220,9.929290,-6.965561
374,-6.334924,3.117445,-10.158326,14.814129
375,10.723746,-7.244159,13.930869,-16.843656
376,-10.373048,-7.162086,26.124313,-11.971051
377,11.105877,4.541932,-24.172430,15.762103
378,14.105954,3.115873,26.908581,-12.773978
379,0.166918,-12.401698,-10.773208,22.756849
380,5.867236,10.894723,-11.928423,12.903833
381,3.569257,-22.004005,-17.341320,27.453746
382,18.830936,4.748052,22.394505,-16.098568
383,1.357292,-4.906429,11.721225,-7.838124
384,10.737344,-11.844231,14.060102,-26.060894
385,-9.664513,-6.272739,-21.357095,23.784224
386,-1.668154,-5.440297,6.719017,-7.751109
387,1.198348,2.082427,-8.428957,14.011819
388,-25.729084,-9.032941,-33.610616,28.607878
389,-9.081602,-4.280557,19.994784,-10.024960
390,-0.618009,8.289442,18.031738,-5.919240
391,-5.487715,-0.320028,13.659713,-11.195869
392,-12.590644,-7.286449,-29.183500,27.893476
393,14.980747,-2.262873,-22.541271,26.839059
394,0.480560,12.107779,-36.046435,14.898810
395,10.628872,16.078040,-32.026482,22.433754
396,15.035443,0.493652,-20.744352,20.031052
397,14.857221,-10.992554,14.225042,-28.108415
398,11.289995,3.106478,22.368675,-9.569109
399,10.263580,16.017719,-30.464789,21.491316
400,11.294448,-29.548485,-30.451587,28.510343
401,-17.819340,6.867367,-23.588528,21.298360
402,16.101241,-6.251234,-25.682027,36.014317
403,-8.662591,-9.020502,-18.128218,23.467914
404,-3.940103,-2.216176,14.263377,-7.524344
405,-6.536172,-17.129837,31.866845,-9.586649
406,-9.368658,8.742007,10.834996,-20.457855
407,7.155645,4.499465,11.228610,-4.193659
408,3.120808,1.317898,4.577537,-1.149818
409,-5.770995,-9.407626,25.309707,-7.693024
410,-19.050807,-6.705485,-25.526989,27.215204
411,15.546832,7.374984,-22.960136,18.562146
412,-3.825213,-12.678335,-2.829737,29.104738
413,-7.445345,-7.352041,20.015906,-6.307329
414,-1.977525,3.331026,12.763041,-1.150154
415,-16.952547,6.258140,-21.421001,16.014095
416,-5.003533,-10.103346,-11.670964,30.193211
417,-1.111624,8.211980,-41.807241,18.335626
418,0.056389,-2.847670,1.372691,-3.022840
419,4.198475,-32.117708,-16.071519,36.936890
420,-0.532696,2.709027,15.542450,-7.966501
421,9.039729,-18.367053,-22.237282,22.404217
422,-5.865902,6.331405,-9.445182,3.449228
423,1.476082,-0.564015,-3.535578,-0.138399
424,-15.882417,-14.078068,-23.777205,38.385166
425,-5.011960,-12.262243,26.396683,-5.214543
426,-6.982157,-0.335780,22.224778,-15.639656
427,-11.723247,-21.075510,38.745978,-8.305498
428,-11.988154,0.158907,-21.002171,9.234115
429,-5.363671,-6.546591,14.114392,-8.868013
430,15.700819,0.589149,16.626739,-13.845516
431,15.816973,4.154303,-29.680962,25.325751
432,6.732193,9.208783,-16.365379,32.719773
433,-16.841743,-10.885439,-22.710473,37.769827
434,-5.236468,-5.891994,-10.650162,27.081759
435,0.582319,-12.743780,-11.555165,20.912823
436,-4.185713,-2.868563,23.513566,-8.755824
437,1.777455,-10.245924,21.925971,-18.548437
438,9.113428,10.561155,18.132208,-9.523289
439,12.308546,-9.899756,15.776866,-25.164411
440,10.880192,3.061510,-17.073172,19.399854
441,11.368668,-0.127030,-16.830134,18.502616
442,1.048292,6.181137,16.848161,-7.641644
443,10.425821,-7.112653,-25.652365,15.193336
444,-8.456931,-3.554234,22.879528,-15.640708
445,6.230718,-1.311771,26.262711,-15.850921
446,-9.356387,-5.415169,-13.747121,21.888618
447,8.403929,15.045779,-18.473360,26.331269
448,6.465188,-9.377342,-27.678257,24.435833
449,-0.609478,5.542351,-15.631271,10.977990
450,-17.674770,-3.815190,-20.953877,28.656957
451,-13.459943,-7.696916,-18.394193,30.442212
452,0.193834,3.578617,11.031041,-1.670786
453,14.267952,4.825420,-18.783395,19.786143
454,-4.094947,-4.800729,-8.451350,21.967049
455,6.887193,-10.384699,19.292015,-21.543995
456,4.538046,-20.947119,-18.678307,22.183494
457,-0.858115,-4.443884,-2.017914,1.022152
458,-10.453840,-14.659731,25.848415,-16.949088
459,7.702401,14.110670,-21.420401,23.327325
460,-2.450713,9.403003,-22.201027,11.452116
461,5.624011,12.120367,23.171571,-12.676669
462,17.177311,4.953879,20.469461,-15.164856
463,-19.900062,6.667947,-25.729072,18.538057
464,11.384193,2.093613,-25.631392,16.805692
465,-1.479957,-5.881842,-12.668124,33.476626
466,12.996675,6.892462,-17.755792,19.467463
467,-2.004254,-6.395658,-6.367527,15.910361
468,-19.508992,-2.069567,-23.171511,23.906920
469,-6.201229,-3.462473,20.098370,-17.487020
470,-0.058551,-3.989879,12.331173,-7.116691
471,-14.380930,-9.236298,-21.763581,32.204731
472,1.223076,12.716494,10.933828,-23.611418
473,-38.082456,-1.116013,-52.597931,17.924710
474,-7.117533,1.532377,20.570509,-17.680353
475,7.433174,-11.724092,-27.995100,25.567882
476,-2.598253,-11.980444,32.223972,-11.905177
477,10.328639,7.297759,-15.697071,15.912786
478,-5.485201,-5.716253,20.090156,-12.886713
479,8.150078,1.540056,-19.794251,12.125682
480,12.901168,15.472703,-22.717298,27.303923
481,12.266364,5.307217,-18.615316,20.038095
482,-3.619854,5.832271,15.495892,-18.590070
483,-3.268389,-5.272624,7.136921,-8.552542
484,-1.863906,-10.755300,26.024965,-5.803137
485,18.209923,13.654956,-26.549789,31.161779
486,-2.352613,15.669348,-44.141081,18.804764
487,12.113055,19.490075,-28.577732,28.506199
488,-11.393780,-15.059187,-19.987787,43.028566
489,10.585399,-0.096333,-17.199076,24.158332
490,8.276729,5.493101,-13.258304,14.671154
491,-1.925167,4.509116,20.611936,-21.752989
492,-15.009678,0.212207,-18.037703,18.869408
493,-5.131833,9.843446,17.538223,-15.028365
494,-8.906488,18.769242,-39.620105,10.932724
495,17.908132,4.307487,20.296044,-15.892733
496,-2.081259,-0.239945,6.130984,-5.184687
497,-0.704623,12.376392,23.365581,-4.240616
498,5.470423,-5.405434,-17.727178,12.389830
499,18.436042,15.081745,-25.678853,30.964968
500,6.386697,5.735818,-22.001201,15.213572
501,16.225840,9.739725,-22.944074,30.194695
502,-7.206641,-12.944876,-15.971394,34.897174
503,0.720837,-3.342478,-2.587146,5.436256
504,-3.050438,11.421048,16.494528,-11.901968
505,14.410943,5.516221,22.900812,-16.807555
506,6.357632,13.861322,-28.637205,20.070839
507,13.352787,15.196599,-30.983070,23.449650
508,-26.202986,-4.667928,-30.908413,31.364732
509,12.352959,8.597113,-17.655119,20.508283
510,-11.058853,-3.970970,19.370792,-15.228040
511,12.352956,12.923900,-22.288981,20.115773
512,-4.410412,-6.659019,-10.173175,21.203452
513,-21.048441,7.025806,-54.188295,12.185036
514,-0.105878,0.286476,-0.367366,3.098373
515,0.870911,-20.897984,-14.279898,28.745460
516,6.429955,-3.932519,-17.315405,8.746288
517,-8.537113,-7.246888,22.629758,-16.333053
518,10.738446,5.712088,-16.608156,12.079504
519,-3.284217,15.540758,-40.843588,19.976012
520,8.390068,-21.788642,-23.500276,26.975982
521,2.175999,2.749364,12.886332,-6.682677
522,-6.026590,-3.698532,17.395132,-11.266503
523,-21.899100,8.871851,-28.407650,16.675175
524,-17.410744,1.442337,18.083272,-23.330309
525,-7.532377,-14.405239,28.688687,-13.357395
526,-0.645908,-3.701110,5.308565,-4.581102
527,-11.845520,-0.809605,-15.566418,25.476502
528,4.980201,10.807647,-18.563938,27.959051
529,-10.693663,-14.730187,29.150406,-15.091086
530,5.665815,8.498321,-11.669408,13.247643
531,-0.640670,4.359787,14.498697,-9.377819
532,9.196608,6.086388,-22.748564,15.554014
533,-12.645756,8.008183,-17.859526,6.761938
534,-3.961781,-10.427134,-12.416628,19.747213
535,10.493066,7.495453,-16.678947,16.092290
536,1.171317,-5.761792,11.969191,-7.099922
537,-0.269845,-2.347764,6.495135,-4.552136
538,8.683420,4.421987,26.442793,-17.303525
539,2.610468,-5.858169,24.046590,-12.031665
540,-6.777373,14.644615,12.440586,-24.903014
541,-14.256752,-0.813796,-18.752040,10.064115
542,17.529538,7.097552,-23.234080,28.530509
543,-1.331951,-4.769404,4.629666,-6.193269
544,-7.122297,-5.701557,-15.728882,23.921287
545,2.573385,11.701628,-20.333313,24.632923
546,12.187290,7.074557,19.285396,-10.190167
547,-7.105786,15.306209,9.821474,-30.349684
548,17.016513,2.693829,20.202268,-13.941180
549,7.645688,4.770781,-12.624895,13.554675
550,-8.714870,2.919671,-12.220326,10.171155
551,-4.423875,-14.555267,24.090546,-18.741734
552,-2.220700,9.969739,-18.489782,8.912847
553,9.464625,2.948213,18.597606,-8.803711
554,-10.557485,-12.624886,-17.695296,36.335635
555,6.836513,-30.969866,-21.476142,32.737213
556,-1.129033,-0.160517,0.927019,-3.049420
557,4.969285,10.553924,-21.924449,18.246662
558,-2.168317,-1.344820,-5.844134,8.855180
559,-5.168084,13.605503,-37.151149,10.996329
560,-2.862572,-8.431117,8.173002,-10.394826
561,1.312600,-4.761604,-13.179253,17.167411
562,20.375547,13.715083,-25.970485,26.079350
563,1.335567,17.458855,-36.411305,15.263869
564,-1.577497,6.849400,16.823899,-6.250492
565,-9.472176,-13.773854,-17.246472,37.635557
566,-26.764382,-1.656418,-31.119100,28.821421
567,-4.284632,4.828121,10.181243,-10.205128
568,11.445763,7.625982,26.314954,-14.373687
569,-2.516597,-5.038167,-9.168413,16.556699
570,0.646403,3.075139,9.502567,-7.101867
571,-15.958393,-5.214768,22.316830,-18.464426
572,11.513775,3.482181,15.033667,-8.940462
573,-11.363308,-5.164102,24.965519,-10.158351
574,3.957001,-2.492098,25.179468,-6.168889
575,-3.293496,-7.926920,-36.006215,21.770299
576,-4.103371,-0.393100,7.990872,-9.157653
577,-4.514279,1.673235,17.639589,-16.798416
578,-2.072213,-13.056869,-8.986391,24.870249
579,-10.706767,-14.847274,30.113688,-12.926157
580,1.724480,5.191167,13.860784,-8.087715
581,12.908175,7.054858,22.317568,-13.767021
582,-9.240120,-14.342609,-18.994244,40.499124
583,12.986173,6.013515,18.657580,-9.865518
584,12.887790,7.707451,23.963818,-14.674945
585,-2.575270,-0.210413,4.540380,-6.726727
586,1.031612,12.258164,-14.120868,31.106744
587,0.115946,-5.167372,-5.063964,10.369362
588,-6.613995,4.672597,17.146763,-14.032308
589,-0.639183,-1.977012,2.575346,1.274437
590,9.401369,-11.702306,-27.101953,24.078259
591,0.851309,1.023383,-3.395531,-0.612321
592,-4.158004,-4.258146,10.385305,-10.650555
593,-18.728599,-2.183583,-22.276103,24.437565
594,7.287007,4.544109,-14.648477,17.083440
595,0.786727,10.942657,18.058174,-10.728620
596,4.478683,-18.009190,-22.792911,35.722014
597,5.400309,2.771146,-28.957155,19.901208
598,-4.980856,-4.101441,-8.454927,18.730302
599,-13.051271,10.671339,9.092068,-26.378901
600,3.437600,-1.557327,19.748051,-12.636867
601,3.033326,4.421660,-21.559632,28.791432
602,7.998745,24.539758,-22.335994,25.145406
603,-9.932971,2.601307,-15.415207,10.348251
604,6.148640,3.719514,9.791567,-3.928757
605,-3.929973,15.826907,12.973799,-23.062515
606,5.146844,2.103677,8.044397,-2.497950
607,-14.079978,-8.215527,27.999426,-15.947138
608,-25.186771,-3.954321,-33.832649,26.446181
609,-0.931824,-6.558502,4.403589,-7.325265
610,8.717363,-2.856789,-18.808299,10.471854
611,-0.271546,-4.688055,17.038659,-7.669242
612,-0.716824,-2.872630,3.485071,1.489521
613,-8.597186,17.336234,13.349411,-26.363045
614,-22.881436,10.503381,-29.379058,19.182601
615,-3.301648,12.566137,18.162697,-22.844717
616,6.442908,5.303994,14.149205,-6.053566
617,0.242093,-5.652823,0.120716,-2.689991
618,0.942401,0.803749,4.553732,-2.657589
619,1.305032,-5.867269,-8.020781,6.572227
620,14.426331,5.828318,23.827526,-17.905171
621,-0.299085,0.587958,0.050094,2.271755
622,3.270715,5.356233,13.484726,-7.081804
623,-10.214790,4.094353,14.099680,-18.766337
624,0.073080,0.857923,17.994869,-18.059767
625,-4.850502,4.273052,16.377253,-11.168496
626,-13.009899,-14.600368,-21.095118,42.702309
627,19.958843,2.203550,25.295247,-19.937309
628,-3.822538,14.804745,16.923643,-17.815548
629,7.093177,10.296572,23.171797,-17.459743
630,-10.257628,13.003882,12.394916,-18.636704
631,11.734811,4.952546,28.457064,-14.426452
632,-7.165399,-5.336814,16.246790,-6.814189
633,0.010428,-0.715165,-0.543162,-0.539775
634,21.475265,1.634961,23.103449,-21.768602
635,7.163828,4.487630,-19.107440,39.475723
636,-1.447556,-12.089642,15.631935,-24.900156
637,-0.761370,-6.700054,28.503343,-13.250325
638,2.706032,-9.905173,-16.507604,13.016146
639,7.805184,4.353793,13.021208,-5.361697
640,2.690202,-14.650632,-13.459658,28.190193
641,12.957447,5.370384,17.645131,-10.234494
642,16.516556,10.576237,-31.225707,23.522725
643,1.472803,12.918714,-34.324707,16.179076
644,-14.069796,5.669497,-19.240027,12.624943
645,1.855758,12.141254,19.121545,-12.157013
646,7.915291,6.302158,13.589258,-6.499863
647,7.559328,-3.414247,16.466177,-11.638738
648,-7.753676,-11.300832,28.225213,-7.512533
649,10.307620,7.619919,15.032970,-8.348367
650,3.865474,2.004834,4.474490,-2.758046
651,0.114818,10.144622,19.198860,-5.368091
652,10.144038,13.363240,-16.640207,14.240334
653,-16.038601,7.438858,13.007736,-29.279396
654,-6.155095,-4.679652,17.157671,-12.453596
655,-3.605301,-8.113170,-11.888179,25.359529
656,-3.156697,0.793533,16.094285,-10.491630
657,-18.919889,6.214770,-24.962153,19.022383
658,-13.377057,3.155773,18.483140,-20.315511
659,-28.373149,0.460607,-33.680142,27.351360
660,2.095964,-16.779062,-15.056134,22.248178
661,0.927103,0.835301,15.497636,-6.901572
662,-2.587278,0.839266,2.212138,9.168265
663,16.991312,6.841903,-23.065983,22.698565
664,12.059877,4.846386,-20.934867,18.604196
665,-24.747784,4.152577,-31.500620,24.190583
666,2.740475,1.246541,6.295027,-2.030880
667,21.254619,0.391925,18.442218,-24.353805
668,-3.112598,-19.111885,-19.766957,40.676811
669,14.109783,4.777282,18.434163,-10.955598
670,12.714663,3.053187,26.036345,-14.798364
671,-2.642955,-7.958382,-11.221397,28.004628
672,1.054968,2.226812,16.271104,-9.362879
673,-2.173725,15.788094,16.850097,-20.957627
674,-0.352386,-13.775820,28.123227,-17.150451
675,-19.555625,-0.310486,24.171070,-19.531211
676,-6.837665,-7.690014,17.920505,-7.539009
677,-5.276041,14.159458,16.191610,-22.826995
678,0.203883,14.107021,24.916933,-5.478109
679,-5.616534,-5.205851,11.415912,-7.649408
680,8.284605,-12.382588,17.931172,-22.274620
681,-18.400455,-7.120320,-23.662547,36.784468
682,-8.718174,-2.924001,12.222519,-10.071942
683,0.390269,-1.843786,29.000757,-15.639675
684,3.404864,-28.278115,-17.868305,32.626533
685,-2.034531,1.862040,6.805820,2.824464
686,6.322021,-30.966409,-20.518669,34.059326
687,4.506778,-24.484383,-19.097634,29.840169
688,8.552552,5.131288,15.400975,-6.183587
689,-3.269973,-0.802067,22.382903,-17.040811
690,12.964321,2.729270,-18.897705,22.325183
691,-0.567990,-2.890376,9.885914,-7.675057
692,0.984902,-11.247765,21.381864,-17.404213
693,-11.033811,-4.797383,24.211554,-9.657783
694,4.844697,2.665812,7.938491,-2.364222
695,16.090732,4.697817,-22.338105,21.316052
696,-1.221739,0.422947,8.190993,-6.433949
697,-14.646513,2.808029,-46.196505,16.099766
698,-19.979505,1.398669,-24.570975,15.908451
699,1.072156,-12.340379,-10.802625,21.737001
700,-13.217637,-6.407677,25.246587,-10.405992
701,10.297051,-0.192216,-21.235302,14.460244
702,-3.822979,3.629748,-6.489366,7.163082
703,-4.361211,-10.292234,-11.870259,27.672149
704,8.945507,5.219937,-26.092973,23.063750
705,1.758449,-21.686221,-19.472640,40.942116
706,4.509356,2.419044,8.208391,-3.603055
707,-12.307804,-0.529309,-16.239007,19.437942
708,-3.367023,22.278024,-38.666661,18.537382
709,-13.158990,12.171477,12.819112,-19.446188
710,2.932376,9.227402,20.794965,-16.650348
711,16.138370,3.806307,24.957730,-14.301929
712,-8.833999,4.011816,13.105249,-11.718902
713,2.623292,-21.725338,-20.032305,41.751152
714,-2.200797,-2.017042,3.509857,-5.500546
715,-5.484894,-11.059186,27.014473,-9.030680
716,-23.746489,-3.240054,-29.729917,19.143465
717,9.294383,9.929382,23.151592,-15.785256
718,-1.353461,-9.689010,25.997903,-10.851318
719,-6.028231,-12.882894,-22.123017,33.481738
720,-9.481917,-9.851547,24.052676,-14.657954
721,6.693069,11.737200,22.109775,-18.797519
722,-2.242483,0.493434,4.784779,3.348239
723,7.712803,13.643577,-14.106140,21.499707
724,-0.672159,-1.128332,0.400290,-2.926760
725,-10.430511,-15.624574,27.775231,-18.808982
726,6.905889,-2.962211,-15.968920,8.582626
727,12.767976,10.103178,-23.667246,20.890500
728,15.791832,6.054681,22.071885,-13.422122
729,7.387016,-15.685651,-21.854292,19.065766
730,2.471276,-9.560955,-14.570338,9.949246
731,-1.123425,2.151049,15.087203,-9.335054
732,-5.166955,-16.344894,-18.419990,41.676966
733,-18.770358,-5.650706,-24.247678,31.022110
734,20.366605,1.868387,-27.839723,30.386425
735,12.260438,14.883094,-23.821499,30.860663
736,-15.119841,-9.367508,-22.766438,33.853917
737,-3.739981,14.551132,15.396254,-12.353294
738,13.001148,9.141434,-33.389038,22.521012
739,3.076859,7.766099,-11.029685,10.670013
740,-5.103739,-8.995968,22.603648,-15.485618
741,1.336481,-18.101398,-20.321490,37.907873
742,8.148413,-12.058246,-24.856108,24.357347
743,9.070166,-11.825175,-22.422779,18.523192
744,-8.526409,-3.591173,-28.029778,15.607712
745,-4.464096,-4.571519,17.085542,-5.595583
746,15.066572,10.698669,-21.765221,25.497750
747,-15.223336,5.658287,19.315987,-15.344518
748,6.993459,-17.098864,-20.575697,35.455295
749,-0.414556,1.941456,1.526237,-1.861706
750,16.934537,3.857590,21.072448,-13.957769
751,-19.627833,9.269767,-41.377182,10.115601
752,0.260847,9.018428,18.586361,-5.874925
753,-18.352698,-2.175991,-21.915644,26.455192
754,-15.995877,-10.434950,-26.931395,29.625300
755,-16.817243,-9.662454,-23.621158,38.224798
756,2.175263,-6.302371,-10.380194,3.871847
757,-4.433000,-7.360152,27.957707,-8.120507
758,-17.455654,0.566236,-22.664943,22.114379
759,-8.428535,10.218155,-29.217710,8.245981
760,-1.517519,-0.853344,3.174364,-3.493760
761,10.027057,0.680743,12.297588,-8.732343
762,-14.037989,-11.634450,29.349704,-14.815391
763,-2.631145,0.320841,8.919893,-8.708492
764,3.891702,-6.696276,-13.011010,26.489103
765,6.042740,-15.782180,-18.394714,27.233445
766,-4.663208,-5.522929,15.801806,-9.777722
767,-3.166218,-0.162957,8.396199,-7.235549
768,-10.101165,8.161440,-14.455976,9.779520
769,12.824434,10.607813,-22.698123,27.691107
770,16.927768,4.328329,22.327270,-18.842802
771,4.409765,1.661632,-8.825906,6.190773
772,-1.277742,3.274268,25.410257,-19.478112
773,6.977301,12.706254,-18.897905,19.067730
774,6.342593,-0.922204,-15.510084,6.931049
775,-2.092231,-13.126441,26.043327,-18.428260
776,7.539948,-28.539642,-22.584797,30.220353
777,-2.852782,1.335085,10.989946,-0.164465
778,-31.137298,2.653077,-47.807942,12.318064
779,-1.221731,-8.207109,-7.531316,16.275853
780,4.588733,13.182010,-31.482607,20.620894
781,11.513986,6.776230,15.593017,-9.331856
782,4.458803,-21.900964,-18.583068,23.370306
783,-0.922949,13.230942,-35.231961,15.683215
784,1.843288,2.453108,8.254678,-1.605703
785,-6.101964,-18.167739,34.983841,-9.382496
786,10.017065,3.331655,24.303080,-10.483039
787,8.618084,-3.885995,23.089916,-16.157683
788,10.760862,-10.776556,-24.153524,16.609700
789,-1.987559,-4.126770,5.429794,-6.788790
790,-3.789453,-2.298799,10.066546,-11.292839
791,3.599635,-4.653059,13.599122,-11.877659
792,-3.720826,-7.150333,-11.654002,29.256904
793,-24.653737,-2.241305,-29.378727,32.847707
794,-9.875487,13.388946,15.537928,-23.674646
795,6.020182,5.296650,-19.392525,41.743917
796,-4.981963,-13.867280,-18.224512,27.331848
797,4.318448,7.662023,-24.609257,15.147022
798,-8.851100,-17.474400,-19.991682,42.530343
799,12.592660,6.144289,26.298931,-14.331360
800,12.264673,7.989351,20.914920,-10.397280
801,-7.900684,1.299018,13.460560,-9.176872
802,-21.635715,-6.578515,-26.853929,36.186001
803,6.881181,3.107584,10.247804,-4.351911
804,-1.763414,-2.734681,-5.727868,10.821394
805,-10.352454,-19.632734,37.120647,-6.955349
806,-1.558742,-4.374043,9.421654,-8.406238
807,-0.630985,-1.041337,-8.504291,6.220715
808,6.560764,-16.198015,-17.957593,34.222840
809,8.117758,-12.377304,-26.654302,24.707590
810,-1.546987,-7.867005,-16.103053,42.562355
811,19.670894,4.414466,21.542891,-18.454286
812,6.044664,10.763513,25.292855,-14.633652
813,-0.060458,-10.131483,20.773023,-16.665405
814,-9.123817,-6.758999,-14.562373,29.849010
815,13.552052,6.126213,18.881855,-10.868436
816,3.964458,-8.335897,-25.204853,24.378926
817,-6.537350,-4.794220,13.218943,-8.093089
818,4.873430,5.028712,11.980464,-5.770806
819,0.880879,-8.267602,-6.791656,10.732954
820,-5.464172,-2.748328,20.758635,-18.663575
821,0.351307,-1.256619,12.070704,-9.459441
822,5.534752,2.325208,7.570763,-3.988236
823,-9.868849,-12.407345,28.838037,-12.059650
824,12.485418,7.121135,24.723989,-15.884992
825,-0.195967,-3.724113,-8.120322,19.027645
826,11.773564,-4.848644,-20.701919,29.069254
827,7.025530,3.924408,-21.340196,14.433191
828,-21.311252,-2.636667,-28.611634,13.086636
829,11.292502,6.783069,-18.679746,27.754219
830,2.322234,-7.818818,18.493456,-9.434276
831,17.839117,4.610596,24.186085,-15.214305
832,17.441510,3.400706,17.891142,-15.344521
833,-0.034304,15.238197,26.487087,-5.048567
834,-3.801805,0.969861,17.134490,-11.997175
835,-22.155500,1.299800,-27.785474,25.716826
836,-10.413039,-1.587827,-14.756234,25.762674
837,6.598173,-0.354158,-15.194161,8.296456
838,-0.806057,-5.463342,18.894860,-6.877839
839,-6.694155,-11.414990,-15.259734,34.578094
840,-1.430125,1.528430,2.488053,-4.496730
841,-8.310513,10.920195,12.433557,-26.691681
842,-3.939628,-7.511572,-10.814048,26.739314
843,-4.596873,-5.117842,13.952040,-10.273781
844,2.957068,-2.853910,23.592603,-12.906707
845,0.940463,0.915272,8.792151,-2.226226
846,1.613801,2.539223,1.429321,-0.304541
847,7.973107,10.688044,18.669124,-9.705247
848,14.112143,6.770095,18.680707,-11.187352
849,3.798633,4.735781,23.310303,-9.845207
850,8.053040,5.034063,11.724171,-5.295910
851,7.252544,-30.582854,-22.774611,32.404026
852,16.993965,4.516829,-24.933117,20.574103
853,-1.407475,-4.359850,2.880258,-5.890156
854,-17.722916,-5.396135,-23.068428,29.201097
855,14.430551,5.264402,19.244287,-11.567503
856,15.282180,4.900469,21.260741,-12.769093
857,-20.502210,-0.884262,-26.585097,14.484770
858,-17.436182,-0.399167,-22.281374,13.371360
859,6.354869,-8.743895,-20.913094,18.275667
860,-0.523131,11.154017,21.578467,-20.537366
861,9.211635,9.130490,23.971084,-13.924926
862,-13.348932,-4.268305,-32.238044,18.252252
863,-3.349505,-13.129655,-6.931165,24.855020
864,-12.867056,2.691445,-36.309714,15.546550
865,21.063599,10.493983,-27.644424,31.896219
866,-3.899567,-2.090953,7.416733,-5.853033
867,-10.012079,6.810888,-33.877771,18.229446
868,12.895391,1.804045,-29.899140,21.017250
869,0.755276,5.954833,10.431635,-7.514217
870,21.351819,0.684838,18.373635,-25.098228
871,-15.555352,-0.906895,-18.846951,19.832527
872,-10.931150,-7.421170,-17.009743,31.436963
873,-13.377495,-6.344217,25.656280,-9.779722
874,1.131055,0.418144,24.678383,-11.461941
875,-24.790956,-9.339033,-30.667686,32.781417
876,1.111401,1.629365,16.321821,-7.330553
877,-7.250301,-4.047833,18.716612,-9.488770
878,14.907925,4.797180,18.503867,-11.578123
879,7.867480,8.608022,15.712185,-7.506532
880,-5.445017,-12.494776,27.056502,-4.410742
881,9.357182,-13.334261,15.789372,-25.967849
882,10.154804,8.589148,18.949601,-9.451129
883,15.597489,8.528051,-23.692229,20.279530
884,-14.049198,-7.745709,-21.044329,25.915933
885,0.350693,2.134846,-0.033054,0.424741
886,-7.780686,-3.687227,14.424494,-10.827613
887,-7.428999,13.124478,14.483477,-21.350142
888,3.014844,2.628702,4.813741,-1.331165
889,2.285182,1.327054,3.169526,0.143806
890,3.207872,1.430634,4.692837,-0.864149
891,-5.531934,3.440062,-8.621074,7.434843
892,-8.648442,0.088038,14.600428,-8.692284
893,13.117166,7.486875,20.109109,-12.835907
894,-5.475704,-7.046411,20.400750,-11.399675
895,-5.123601,-0.835248,-9.365598,18.594240
896,-7.161820,-6.977999,16.384391,-6.575768
897,-6.505050,0.709111,20.409888,-14.935187
898,-3.582474,-11.862898,-7.190725,25.883042
899,4.323031,3.148856,5.127819,-2.338463
900,-1.715062,-4.729182,16.354139,-4.872874
901,6.803896,3.724978,15.002143,-5.591005
902,2.298064,-32.657716,-15.189159,40.167661
903,5.883970,6.865233,14.374976,-6.494711
904,-0.469716,-15.015141,26.759760,-14.284299
905,7.838002,-3.346357,-25.043760,19.650017
906,-2.748066,-5.128617,8.732989,-7.994370
907,-7.616196,3.439902,18.710459,-20.028385
908,6.561991,15.114260,-25.907085,16.315088
909,-26.865659,-3.182361,-31.025336,30.185367
910,-1.723071,11.811000,22.521188,-5.290083
911,-0.004892,4.723259,12.100967,-0.785128
912,0.484468,-1.825762,3.947360,-3.028506
913,5.817130,-6.047556,-12.761512,18.531976
914,-6.470607,12.100393,17.797741,-14.701606
915,-19.928003,10.116438,-26.149570,11.457493
916,-15.696528,5.428339,-20.146765,10.565950
917,-1.055502,9.060987,19.605253,-5.325461
918,-2.809892,-10.509709,-11.242102,28.938755
919,12.907576,-3.467765,30.519685,-15.573754
920,-4.142664,14.280573,-37.830322,13.991207
921,-0.956951,7.628536,15.757465,-0.911801
922,8.603312,-16.499530,-17.251250,22.476387
923,14.061861,7.476340,-18.796204,21.076245
924,-1.483881,2.444342,11.788964,-1.213476
925,-5.214832,6.242458,12.454298,-19.983350
926,1.322117,2.212356,1.672277,-0.000981
927,-4.531547,-17.863782,-17.810868,45.138047
928,-19.915663,11.383359,-41.971953,19.773254
929,14.385605,10.363099,-21.131273,31.470002
930,16.561206,8.195406,-27.304847,25.288809
931,-12.379193,12.059055,12.680224,-26.970444
932,11.605799,8.301288,-22.497568,29.310616
933,-0.745397,2.253945,-1.901530,2.359591
934,9.562698,-0.106949,-22.717248,15.318247
935,9.462980,9.979199,20.244777,-12.164115
936,0.196996,-5.812496,1.242847,-6.421756
937,-10.811230,-10.902256,-17.726782,36.640984
938,-1.708661,-2.610564,3.735779,-5.586084
939,5.070179,12.164028,21.210326,-17.922054
940,8.358240,5.971641,-12.755394,15.723170
941,-4.916044,10.568000,13.208330,-21.871021
942,8.637485,3.736933,12.412817,-5.688914
943,16.575603,2.788905,21.792403,-16.372476
944,7.642779,4.760671,-34.489674,26.294702
945,17.121101,5.065963,22.436123,-14.751936
946,6.596602,0.797904,27.231542,-16.036724
947,6.096372,17.242828,-30.583520,18.193342
948,10.494539,4.330954,-25.009971,16.690441
949,9.850028,6.456782,13.877668,-7.500136
950,-0.998912,9.191359,-17.612599,11.277768
951,4.189157,3.501558,-8.417655,11.125887
952,-7.112685,-1.297364,19.950765,-10.519853
953,-0.071365,-8.853071,-9.322419,14.742993
954,8.749796,3.644640,-18.551993,15.083398
955,2.143906,-2.898016,-3.176540,0.904657
956,10.650048,7.012816,-26.279991,18.832173
957,-1.413292,5.326126,11.866729,-9.953151
958,18.960020,5.546701,-31.470503,23.634861
959,1.002248,3.103110,12.161339,-8.133443
960,8.522066,-29.777181,-25.254595,30.487838
961,-9.691163,8.570651,-24.516950,5.867883
962,8.114830,-6.402031,-22.786602,18.954327
963,-14.041230,-14.725735,-23.440911,34.772925
964,10.556193,6.267136,16.761614,-8.267337
965,-2.021004,4.125483,9.711224,-9.415893
966,7.867220,-7.884504,-14.103379,19.220156
967,12.710106,7.037861,19.209953,-10.782893
968,-17.106610,10.051174,-39.071907,20.177227
969,3.774255,-15.217926,-17.445122,16.217061
970,15.660827,3.780273,19.120156,-11.976156
971,18.422226,4.657396,26.591370,-15.941660
972,17.040578,4.139672,18.641493,-14.672867
973,2.130292,-6.761712,11.277950,-7.286817
974,20.009073,8.481326,-27.204695,31.791749
975,-6.048371,8.005900,11.889451,-21.708145
976,8.591612,10.817531,-22.291442,17.477913
977,-14.297174,-10.583957,-20.154959,36.760354
978,-3.592601,1.473636,7.345126,3.449076
979,0.794249,-3.629424,6.956999,-3.872673
980,-10.203382,3.558630,16.452048,-14.231191
981,10.576647,6.512966,-21.665553,15.826608
982,16.042884,11.905014,-27.211325,23.644116
983,8.701496,-2.600141,-17.690622,9.734431
984,-11.179526,9.725953,10.216082,-26.724099
985,8.602500,14.063159,-15.096357,17.527805
986,16.737019,5.143908,23.894581,-15.241585
987,10.231784,-5.017176,-18.510282,27.999844
988,-5.098518,-7.553689,18.427169,-12.612729
989,-4.817086,-0.880146,21.808656,-13.558395
990,-6.179043,8.582546,-27.356673,10.467528
991,-18.547192,3.573209,-34.691205,23.162172
992,21.326057,8.075510,-28.701216,32.370126
993,-16.991385,9.654437,-22.913661,11.502045
994,0.545454,-18.066761,-15.854178,35.395060
995,-17.665986,2.923530,-22.483310,15.187542
996,-7.516970,-6.986530,19.066140,-8.753204
997,-19.242028,6.812075,-23.969124,17.429294
998,-4.709575,14.331227,15.435588,-12.971105
999,10.594550,14.730188,-18.158879,28.287306
1000,-1.712009,2.431768,7.967697,-7.268645
